,layout
1,X26CH
2,X25CH
3,X02CH
4,X35CH
5,X31CH
6,X32CH
7,X37CH
8,X24CH
9,X36CH
10,X29CH
11,X11CH
12,X27CH
13,X30CH
14,X09CH
15,X18CH
16,X06CH
17,X40CH
18,X14CH
19,X05CH
20,X28CS
21,X22CS
22,X15CS
23,X04CS
24,X34CS
25,X39CS
26,X08CS
27,X01CS
28,X23CS
29,X10CS
30,X03CS
31,X13CS
32,X16CS
33,X21CS
34,X19CS
35,X20CS
36,X17CS
37,X38CS
38,X12CS
39,X25MH
40,X31MH
41,X26MH
42,X11MH
43,X35MH
44,X27MH
45,X40MH
46,X29MH
47,X37MH
48,X09MH
49,X05MH
50,X13MS
51,X34MS
52,X08MS
53,X12MS
54,X39MS
55,X01MS
56,X22MS
57,X28MS
58,X15MS
59,X04MS
60,X23MS
61,X10MS
62,X20MS
63,X19MS
64,X38MS
65,X76CH
66,X44CH
67,X72CH
68,X43CH
69,X55CH
70,X68CH
71,X67CH
72,X60CH
73,X52CH
74,X74CH
75,X47CH
76,X54CH
77,X79CH
78,X45CS
79,X70CS
80,X66CS
81,X41CS
82,X73CS
83,X62CS
84,X69CS
85,X49CS
86,X77CS
87,X75CS
88,X53CS
89,X64CS
90,X61CS
91,X42CS
92,X51MH
93,X57MH
94,X72MH
95,X58MH
96,X44MH
97,X50MH
98,X78MH
99,X56MH
100,X79MH
101,X76MH
102,X68MH
103,X60MH
104,X54MH
105,X48MS
106,X70MS
107,X69MS
108,X41MS
109,X62MS
110,X53MS
111,X77MS
112,X65MS
113,X59MS
